"","term","statistic","df","p.value"
"1","phenshift.binary",36.7686651769949,1,1.33011023357407e-09
"2","phenshift.binary:species",1021.5836664885,14,3.65744693492278e-209
"3","phenshift.binary:species:num.flowers",75.0006790644441,16,1.30716883075493e-09
