"","term","statistic","df","p.value"
"1","phenshift.binary",36.7686651723389,1,1.33011023675073e-09
"2","phenshift.binary:species",1021.58366648112,14,3.65744694824695e-209
"3","phenshift.binary:species:num.flowers",75.0006790789754,16,1.30716882297631e-09
